{
  "overall_accuracy": 0.05555555555555555,
  "intent_grounding_accuracy": 0.05555555555555555,
  "spatial_grounding_accuracy": 0.027777777777777776,
  "speech_temporal_grounding_accuracy": 0.0,
  "overall_score": 0.027777777777777776,
  "instruction_breakdown": {
    "指令3": {
      "intent_accuracy": 0.05555555555555555,
      "spatial_grounding": 0.027777777777777776,
      "speech_temporal_grounding": 0.0,
      "overall": 0.027777777777777776,
      "count": 18
    }
  },
  "count": 18
}