{
  "overall_accuracy": 0.7833333333333333,
  "intent_grounding_accuracy": 0.7833333333333333,
  "spatial_grounding_accuracy": 0.016666666666666666,
  "temporal_grounding_accuracy": 0.0,
  "overall_score": 0.4,
  "instruction_breakdown": {
    "指令5": {
      "intent_accuracy": 0.7833333333333333,
      "spatial_grounding": 0.016666666666666666,
      "temporal_grounding": 0.0,
      "overall": 0.4,
      "count": 20
    }
  },
  "count": 20
}