{
  "overall_accuracy": 0.6323529411764706,
  "intent_grounding_accuracy": 0.6323529411764706,
  "spatial_grounding_accuracy": 0.25,
  "temporal_grounding_accuracy": 0.0,
  "overall_score": 0.4411764705882353,
  "instruction_breakdown": {
    "指令4": {
      "intent_accuracy": 0.6323529411764706,
      "spatial_grounding": 0.25,
      "temporal_grounding": 0.0,
      "overall": 0.4411764705882353,
      "count": 34
    }
  },
  "count": 34
}