{
  "intent_accuracy": 0.4766666666666667,
  "spatial_grounding": 0.13333333333333333,
  "temporal_grounding": 1.0,
  "overall": 0.5366666666666666,
  "count": 15
}