{
  "overall_accuracy": 0.6111111111111112,
  "intent_grounding_accuracy": 0.6111111111111112,
  "spatial_grounding_accuracy": 0.3333333333333333,
  "speech_temporal_grounding_accuracy": 0.05555555555555555,
  "overall_score": 0.3333333333333333,
  "instruction_breakdown": {
    "指令4": {
      "intent_accuracy": 0.6111111111111112,
      "spatial_grounding": 0.3333333333333333,
      "speech_temporal_grounding": 0.05555555555555555,
      "overall": 0.3333333333333333,
      "count": 18
    }
  },
  "count": 18
}