{
  "intent_grounding_accuracy": 0.4263333333333333,
  "spatial_grounding_accuracy": 0.07179487179487179,
  "temporal_grounding_accuracy": 0.4230769230769231,
  "overall_score": 0.30706837606837606,
  "instruction_breakdown": {
    "指令1": {
      "intent_accuracy": 0.36000000000000004,
      "spatial_grounding": 0.06666666666666667,
      "temporal_grounding": 0.0,
      "overall": 0.21333333333333335,
      "count": 15
    },
    "指令2": {
      "intent_accuracy": 0.44666666666666666,
      "spatial_grounding": 0.2,
      "temporal_grounding": 0.0,
      "overall": 0.32333333333333336,
      "count": 15
    },
    "指令3": {
      "intent_accuracy": 0.35,
      "spatial_grounding": 0.1,
      "temporal_grounding": 0.0,
      "overall": 0.22499999999999998,
      "count": 15
    },
    "指令4": {
      "intent_accuracy": 0.6,
      "spatial_grounding": 0.06666666666666667,
      "temporal_grounding": 0.0,
      "overall": 0.3333333333333333,
      "count": 15
    },
    "指令5": {
      "intent_accuracy": 0.3846666666666667,
      "spatial_grounding": 0.08888888888888889,
      "temporal_grounding": 0.5,
      "overall": 0.32451851851851854,
      "count": 15
    },
    "指令6": {
      "intent_accuracy": 0.4166666666666667,
      "spatial_grounding": 0.016666666666666666,
      "temporal_grounding": 0.5,
      "overall": 0.3111111111111111,
      "count": 15
    }
  },
  "model_name": "gemini-2.5-pro",
  "model_provider": "gemini"
}