{
  "overall_accuracy": 0.4142857142857143,
  "intent_grounding_accuracy": 0.4142857142857143,
  "spatial_grounding_accuracy": 0.06428571428571428,
  "speech_temporal_grounding_accuracy": 0.0,
  "overall_score": 0.2392857142857143,
  "instruction_breakdown": {
    "指令1": {
      "intent_accuracy": 0.4142857142857143,
      "spatial_grounding": 0.06428571428571428,
      "speech_temporal_grounding": 0.0,
      "overall": 0.2392857142857143,
      "count": 70
    }
  },
  "count": 70
}