{
  "intent_accuracy": 0.4733333333333334,
  "spatial_grounding": 0.0,
  "temporal_grounding": 0.0,
  "overall": 0.2366666666666667,
  "count": 15
}