{
  "overall_accuracy": 0.5,
  "intent_grounding_accuracy": 0.5,
  "spatial_grounding_accuracy": 0.027777777777777776,
  "speech_temporal_grounding_accuracy": 0.3611111111111111,
  "overall_score": 0.2962962962962963,
  "instruction_breakdown": {
    "指令4": {
      "intent_accuracy": 0.5,
      "spatial_grounding": 0.027777777777777776,
      "speech_temporal_grounding": 0.3611111111111111,
      "overall": 0.2962962962962963,
      "count": 18
    }
  },
  "count": 18
}