{
  "overall_accuracy": 0.17142857142857143,
  "intent_grounding_accuracy": 0.17142857142857143,
  "spatial_grounding_accuracy": 0.014285714285714285,
  "speech_temporal_grounding_accuracy": 0.0,
  "overall_score": 0.09285714285714286,
  "instruction_breakdown": {
    "指令1": {
      "intent_accuracy": 0.17142857142857143,
      "spatial_grounding": 0.014285714285714285,
      "speech_temporal_grounding": 0.0,
      "overall": 0.09285714285714286,
      "count": 70
    }
  },
  "count": 70
}