{
  "overall_accuracy": 0.4,
  "intent_grounding_accuracy": 0.4,
  "spatial_grounding_accuracy": 0.03333333333333333,
  "temporal_grounding_accuracy": 0.0,
  "overall_score": 0.21666666666666667,
  "instruction_breakdown": {
    "指令1": {
      "intent_accuracy": 0.4,
      "spatial_grounding": 0.03333333333333333,
      "temporal_grounding": 0.0,
      "overall": 0.21666666666666667,
      "count": 30
    }
  },
  "count": 30
}