{
  "intent_grounding_accuracy": 0.4533333333333333,
  "spatial_grounding_accuracy": 0.13333333333333333,
  "temporal_grounding_accuracy": 0.0,
  "overall_score": 0.29333333333333333,
  "instruction_breakdown": {
    "指令1": {
      "intent_accuracy": 0.4533333333333333,
      "spatial_grounding": 0.13333333333333333,
      "temporal_grounding": 0.0,
      "overall": 0.29333333333333333,
      "count": 15
    }
  }
}