{
  "overall_accuracy": 0.26666666666666666,
  "intent_grounding_accuracy": 0.26666666666666666,
  "spatial_grounding_accuracy": 0.1,
  "temporal_grounding_accuracy": 0.0,
  "overall_score": 0.18333333333333335,
  "instruction_breakdown": {
    "指令2": {
      "intent_accuracy": 0.26666666666666666,
      "spatial_grounding": 0.1,
      "temporal_grounding": 0.0,
      "overall": 0.18333333333333335,
      "count": 30
    }
  },
  "count": 30
}