{
  "intent_grounding_accuracy": 0.26,
  "spatial_grounding_accuracy": 0.13333333333333333,
  "temporal_grounding_accuracy": 0.0,
  "overall_score": 0.19666666666666666,
  "instruction_breakdown": {
    "指令3": {
      "intent_accuracy": 0.26,
      "spatial_grounding": 0.13333333333333333,
      "temporal_grounding": 0.0,
      "overall": 0.19666666666666666,
      "count": 15
    }
  }
}