{
  "intent_grounding_accuracy": 0.61,
  "spatial_grounding_accuracy": 0.16666666666666666,
  "temporal_grounding_accuracy": 1.0,
  "overall_score": 0.5922222222222222,
  "instruction_breakdown": {
    "指令4": {
      "intent_accuracy": 0.61,
      "spatial_grounding": 0.16666666666666666,
      "temporal_grounding": 1.0,
      "overall": 0.5922222222222222,
      "count": 15
    }
  }
}