{
  "overall_accuracy": 0.6666666666666666,
  "intent_grounding_accuracy": 0.6666666666666666,
  "spatial_grounding_accuracy": 0.0,
  "temporal_grounding_accuracy": 0.0,
  "overall_score": 0.3333333333333333,
  "instruction_breakdown": {
    "指令1": {
      "intent_accuracy": 0.6666666666666666,
      "spatial_grounding": 0.0,
      "temporal_grounding": 0.0,
      "overall": 0.3333333333333333,
      "count": 15
    }
  },
  "count": 15
}