{
  "overall_accuracy": 0.0,
  "intent_grounding_accuracy": 0.0,
  "spatial_grounding_accuracy": 0.017543859649122806,
  "speech_temporal_grounding_accuracy": 0.017543859649122806,
  "overall_score": 0.011695906432748537,
  "instruction_breakdown": {
    "指令5": {
      "intent_accuracy": 0.0,
      "spatial_grounding": 0.017543859649122806,
      "speech_temporal_grounding": 0.017543859649122806,
      "overall": 0.011695906432748537,
      "count": 19
    }
  },
  "count": 19
}