{
  "overall_accuracy": 0.3333333333333333,
  "intent_grounding_accuracy": 0.3333333333333333,
  "spatial_grounding_accuracy": 0.13333333333333333,
  "temporal_grounding_accuracy": 0.0,
  "overall_score": 0.23333333333333334,
  "instruction_breakdown": {
    "指令2": {
      "intent_accuracy": 0.3333333333333333,
      "spatial_grounding": 0.13333333333333333,
      "temporal_grounding": 0.0,
      "overall": 0.23333333333333334,
      "count": 30
    }
  },
  "count": 30
}