{
  "overall_accuracy": 0.4666666666666667,
  "intent_grounding_accuracy": 0.4666666666666667,
  "spatial_grounding_accuracy": 0.06666666666666667,
  "temporal_grounding_accuracy": 0.0,
  "overall_score": 0.26666666666666666,
  "instruction_breakdown": {
    "指令2": {
      "intent_accuracy": 0.4666666666666667,
      "spatial_grounding": 0.06666666666666667,
      "temporal_grounding": 0.0,
      "overall": 0.26666666666666666,
      "count": 15
    }
  },
  "count": 15
}