{
  "overall": {
    "intent_grounding_accuracy": 0.25787499999999997,
    "spatial_grounding_accuracy": 0.017241379310344827,
    "temporal_grounding_accuracy": 0.3793103448275862,
    "overall_score": 0.2181422413793103
  },
  "by_instruction": {
    "指令1": {
      "intent_accuracy": 0.2642857142857143,
      "spatial_grounding": 0.0,
      "temporal_grounding": 0.0,
      "overall": 0.13214285714285715,
      "count": 14
    },
    "指令2": {
      "intent_accuracy": 0.5423076923076923,
      "spatial_grounding": 0.23076923076923078,
      "temporal_grounding": 0.0,
      "overall": 0.3865384615384615,
      "count": 13
    },
    "指令3": {
      "intent_accuracy": 0.15,
      "spatial_grounding": 0.0,
      "temporal_grounding": 0.0,
      "overall": 0.075,
      "count": 12
    },
    "指令4": {
      "intent_accuracy": 0.2,
      "spatial_grounding": 0.0,
      "temporal_grounding": 1.0,
      "overall": 0.39999999999999997,
      "count": 14
    },
    "指令5": {
      "intent_accuracy": 0.17153846153846153,
      "spatial_grounding": 0.0,
      "temporal_grounding": 0.16666666666666666,
      "overall": 0.11273504273504271,
      "count": 13
    },
    "指令6": {
      "intent_accuracy": 0.2178571428571429,
      "spatial_grounding": 0.0,
      "temporal_grounding": 0.42105263157894735,
      "overall": 0.21296992481203006,
      "count": 14
    }
  },
  "statistics": {
    "total_samples": 80,
    "samples_by_instruction": {
      "指令1": 14,
      "指令2": 13,
      "指令3": 12,
      "指令4": 14,
      "指令5": 13,
      "指令6": 14
    }
  }
}