{
  "overall_accuracy": 0.09090909090909091,
  "intent_grounding_accuracy": 0.09090909090909091,
  "spatial_grounding_accuracy": 0.0,
  "speech_temporal_grounding_accuracy": 0.0,
  "overall_score": 0.030303030303030304,
  "instruction_breakdown": {
    "指令3": {
      "intent_accuracy": 0.09090909090909091,
      "spatial_grounding": 0.0,
      "speech_temporal_grounding": 0.0,
      "overall": 0.030303030303030304,
      "count": 11
    }
  },
  "count": 11
}