{
  "overall_accuracy": 0.85,
  "intent_grounding_accuracy": 0.85,
  "spatial_grounding_accuracy": 0.03333333333333333,
  "temporal_grounding_accuracy": 0.0,
  "overall_score": 0.44166666666666665,
  "instruction_breakdown": {
    "指令6": {
      "intent_accuracy": 0.85,
      "spatial_grounding": 0.03333333333333333,
      "temporal_grounding": 0.0,
      "overall": 0.44166666666666665,
      "count": 15
    }
  },
  "count": 15
}