{
  "overall_accuracy": 0.0,
  "intent_grounding_accuracy": 0.0,
  "spatial_grounding_accuracy": 0.017857142857142856,
  "speech_temporal_grounding_accuracy": 0.05357142857142857,
  "overall_score": 0.023809523809523808,
  "instruction_breakdown": {
    "指令6": {
      "intent_accuracy": 0.0,
      "spatial_grounding": 0.017857142857142856,
      "speech_temporal_grounding": 0.05357142857142857,
      "overall": 0.023809523809523808,
      "count": 14
    }
  },
  "count": 14
}