{
  "intent_accuracy": 0.2642857142857143,
  "spatial_grounding": 0.0,
  "temporal_grounding": 0.0,
  "overall": 0.13214285714285715,
  "count": 14
}