{
  "overall_accuracy": 0.3448275862068966,
  "intent_grounding_accuracy": 0.3448275862068966,
  "spatial_grounding_accuracy": 0.034482758620689655,
  "speech_temporal_grounding_accuracy": 0.1896551724137931,
  "overall_score": 0.18965517241379312,
  "instruction_breakdown": {
    "指令6": {
      "intent_accuracy": 0.3448275862068966,
      "spatial_grounding": 0.034482758620689655,
      "speech_temporal_grounding": 0.1896551724137931,
      "overall": 0.18965517241379312,
      "count": 29
    }
  },
  "count": 29
}