{
  "overall_accuracy": 0.5555555555555556,
  "intent_grounding_accuracy": 0.5555555555555556,
  "spatial_grounding_accuracy": 0.08333333333333333,
  "speech_temporal_grounding_accuracy": 0.3333333333333333,
  "overall_score": 0.3240740740740741,
  "instruction_breakdown": {
    "指令4": {
      "intent_accuracy": 0.5555555555555556,
      "spatial_grounding": 0.08333333333333333,
      "speech_temporal_grounding": 0.3333333333333333,
      "overall": 0.3240740740740741,
      "count": 18
    }
  },
  "count": 18
}