{
  "intent_accuracy": 0.45666666666666667,
  "spatial_grounding": 0.11666666666666667,
  "temporal_grounding": 0.75,
  "overall": 0.44111111111111106,
  "count": 15
}