{
  "overall_accuracy": 0.2413793103448276,
  "intent_grounding_accuracy": 0.2413793103448276,
  "spatial_grounding_accuracy": 0.10344827586206896,
  "speech_temporal_grounding_accuracy": 0.1206896551724138,
  "overall_score": 0.15517241379310345,
  "instruction_breakdown": {
    "指令6": {
      "intent_accuracy": 0.2413793103448276,
      "spatial_grounding": 0.10344827586206896,
      "speech_temporal_grounding": 0.1206896551724138,
      "overall": 0.15517241379310345,
      "count": 29
    }
  },
  "count": 29
}