{
  "overall_accuracy": 0.4,
  "intent_grounding_accuracy": 0.4,
  "spatial_grounding_accuracy": 0.2833333333333333,
  "speech_temporal_grounding_accuracy": 0.3333333333333333,
  "overall_score": 0.33888888888888885,
  "instruction_breakdown": {
    "指令6": {
      "intent_accuracy": 0.4,
      "spatial_grounding": 0.2833333333333333,
      "speech_temporal_grounding": 0.3333333333333333,
      "overall": 0.33888888888888885,
      "count": 15
    }
  },
  "count": 15
}