{
  "intent_accuracy": 0.17153846153846153,
  "spatial_grounding": 0.0,
  "temporal_grounding": 0.16666666666666666,
  "overall": 0.11273504273504271,
  "count": 13
}